,posX,posY,artigos
0,9,5,"['art 1', 'art 487']"
1,10,12,['art 157']
2,7,0,['art 3']
3,1,19,"['art 942', 'art 85', 'art 98']"
4,12,15,['art 487']
5,18,0,['art 477']
6,13,11,['art 659']
7,9,19,['art 300']
8,9,19,"['art 300', 'art 300']"
9,16,6,['art 39']
10,19,8,"['art 373', 'art 6', 'art 14', 'art 85']"
11,10,0,['art 537']
12,16,9,['art 39']
13,6,18,['art 98']
14,19,1,"['art 496', 'art 282', 'art 373']"
15,15,11,['art 41']
16,16,14,['art 217']
17,10,17,['art 1']
18,10,0,['art 537']
19,18,8,['art 537']
20,6,19,"['art 107', 'art 397', 'art 65', 'art 61', 'art 73', 'art 70', 'art 70']"
21,14,4,"['art 10', 'art 373', 'art 85', 'art 98']"
22,0,12,"['art 487', 'art 932']"
23,5,5,['art 1']
24,3,6,"['art 373', 'art 6', 'art 14']"
25,6,19,"['art 121', 'art 563', 'art 413', 'art 121', 'art 121']"
26,8,19,"['art 4', 'art 85']"
27,14,19,['art 496']
28,17,17,['art 18']
29,13,10,['art 659']
30,16,14,['art 319']
31,9,5,"['art 68', 'art 48']"
32,0,12,['art 1022']
33,13,15,"['art 1', 'art 37', 'art 948', 'art 85']"
34,12,6,['art 3']
35,3,19,"['art 483', 'art 593']"
36,11,4,"['art 2', 'art 3']"
37,18,5,['art 85']
38,9,19,"['art 1', 'art 932']"
39,14,0,"['art 99', 'art 14']"
40,13,19,['art 4']
41,1,19,['art 98']
42,9,19,['art 927']
43,15,15,['art 659']
44,13,0,"['art 206', 'art 27']"
45,8,9,['art 1']
46,13,3,"['art 6', 'art 47', 'art 52', 'art 83']"
47,15,8,['art 300']
48,11,4,"['art 18', 'art 18']"
49,10,0,['art 537']
50,3,0,['art 659']
51,13,19,['art 4']
52,4,13,['art 942']
53,6,0,['art 485']
54,13,6,['art 485']
55,13,3,"['art 1', 'art 3']"
56,10,12,"['art 68', 'art 226']"
57,19,1,"['art 259', 'art 4']"
58,19,19,"['art 12', 'art 11', 'art 10', 'art 11', 'art 24', 'art 23', 'art 11', 'art 10', 'art 11', 'art 37', 'art 24', 'art 24', 'art 26', 'art 10', 'art 11', 'art 9', 'art 10', 'art 10', 'art 11', 'art 942']"
59,0,12,"['art 1', 'art 1']"
60,8,15,['art 1']
61,6,19,"['art 121', 'art 121', 'art 14']"
62,19,17,"['art 8', 'art 9']"
63,3,0,['art 59']
64,9,19,['art 4']
65,14,6,['art 19']
66,3,0,['art 33']
67,3,6,['art 1']
68,0,12,"['art 1', 'art 1']"
69,9,19,['art 535']
70,7,0,['art 6']
71,13,11,"['art 155', 'art 288']"
72,16,14,['art 93']
73,19,19,['art 14']
74,9,19,"['art 4', 'art 85']"
75,15,8,['art 300']
76,3,19,"['art 10', 'art 2', 'art 98', 'art 85', 'art 85', 'art 85']"
77,3,0,"['art 33', 'art 40', 'art 33', 'art 12', 'art 40']"
78,16,17,"['art 7', 'art 39', 'art 86', 'art 85']"
79,13,11,['art 659']
80,15,8,['art 300']
81,7,0,['art 90']
82,19,2,"['art 109', 'art 107']"
83,3,0,['art 5']
84,7,0,"['art 485', 'art 267']"
85,7,4,['art 7']
86,13,19,['art 85']
87,8,0,['art 485']
88,5,11,['art 39']
89,10,17,['art 86']
90,19,18,"['art 4', 'art 23', 'art 19', 'art 35', 'art 23', 'art 7', 'art 98']"
91,13,19,"['art 4', 'art 85']"
92,3,19,"['art 1', 'art 85']"
93,0,7,['art 89']
94,9,19,"['art 4', 'art 85']"
95,19,19,['art 85']
96,6,7,['art 330']
97,16,19,['art 20']
98,7,0,['art 3']
99,2,17,"['art 927', 'art 1']"
100,1,19,"['art 927', 'art 1']"
101,12,6,['art 437']
102,19,17,['art 3']
103,0,12,['art 1022']
104,5,5,['art 1']
105,3,0,['art 55']
106,5,5,['art 1']
107,10,11,['art 157']
108,19,18,"['art 17', 'art 36', 'art 42']"
109,7,4,"['art 2', 'art 40', 'art 2', 'art 37']"
110,9,19,['art 4']
111,14,0,"['art 6', 'art 39']"
112,19,8,['art 23']
113,18,14,['art 41']
114,14,19,['art 1']
115,5,8,['art 300']
116,1,8,['art 67']
117,0,13,"['art 1', 'art 1']"
118,12,15,"['art 29', 'art 98']"
119,9,3,"['art 485', 'art 942']"
120,19,19,['art 373']
121,15,12,['art 659']
122,16,6,"['art 85', 'art 98']"
123,14,14,"['art 312', 'art 319']"
124,0,19,['art 85']
125,13,6,['art 485']
126,14,0,"['art 100', 'art 53', 'art 101']"
127,7,11,['art 485']
128,13,10,['art 659']
129,3,0,"['art 244', 'art 244']"
130,9,3,['art 290']
131,16,14,"['art 129', 'art 659']"
132,8,19,['art 19']
133,6,19,['art 59']
134,10,12,['art 157']
135,16,14,['art 319']
136,16,14,['art 367']
137,11,4,['art 282']
138,17,18,"['art 37', 'art 85']"
139,13,10,"['art 147', 'art 5']"
140,8,15,"['art 544', 'art 485']"
141,0,7,"['art 129', 'art 659']"
142,11,4,['art 27']
143,7,4,['art 9']
144,6,17,"['art 1', 'art 1']"
145,0,13,"['art 1', 'art 1', 'art 81']"
146,16,19,"['art 68', 'art 282']"
147,17,19,"['art 41', 'art 5', 'art 23', 'art 22', 'art 10']"
148,15,12,['art 580']
149,0,13,"['art 1', 'art 1']"
150,12,6,"['art 76', 'art 932', 'art 373']"
151,7,4,['art 37']
152,16,9,['art 14']
153,0,13,['art 1']
154,9,3,"['art 267', 'art 267', 'art 485']"
155,13,10,"['art 2', 'art 90', 'art 299', 'art 1']"
156,7,6,['art 37']
157,8,15,['art 485']
158,9,19,['art 85']
159,3,18,"['art 1', 'art 515']"
160,7,11,['art 1']
161,3,0,"['art 2', 'art 1']"
162,13,19,['art 44']
163,7,6,['art 5']
164,16,6,"['art 51', 'art 85']"
165,0,7,['art 65']
166,0,9,['art 98']
167,19,3,['art 593']
168,1,0,"['art 33', 'art 14']"
169,13,19,['art 85']
170,12,16,['art 205']
171,19,18,['art 1']
172,10,11,"['art 399', 'art 70', 'art 109', 'art 399']"
173,0,13,"['art 1', 'art 1', 'art 1']"
174,16,4,['art 51']
175,16,14,['art 319']
176,5,8,['art 6']
177,5,11,['art 39']
178,14,2,"['art 40', 'art 269']"
179,13,15,"['art 1', 'art 37', 'art 948']"
180,10,8,"['art 4', 'art 85']"
181,14,0,"['art 23', 'art 507', 'art 100', 'art 1', 'art 100', 'art 27', 'art 15']"
182,15,11,['art 217']
183,3,12,['art 39']
184,16,19,['art 20']
185,0,10,['art 1']
186,6,18,"['art 1', 'art 1', 'art 1']"
187,3,16,['art 1']
188,13,6,['art 113']
189,7,11,['art 485']
190,4,0,['art 318']
191,17,6,"['art 39', 'art 85']"
192,13,17,"['art 85', 'art 942']"
193,14,2,['art 3']
194,0,10,['art 37']
195,17,6,['art 39']
196,3,1,"['art 33', 'art 386']"
197,13,11,['art 659']
198,18,17,"['art 55', 'art 55']"
199,0,13,['art 1']
200,14,2,['art 1']
201,12,6,"['art 285', 'art 948']"
202,19,5,['art 435']
203,0,9,"['art 921', 'art 921']"
204,4,11,['art 39']
205,16,6,"['art 85', 'art 98']"
206,10,8,['art 496']
207,3,16,"['art 1', 'art 1', 'art 1']"
208,15,13,['art 659']
209,13,19,['art 20']
210,0,12,"['art 1', 'art 1']"
211,14,0,"['art 51', 'art 56', 'art 51', 'art 1', 'art 1', 'art 1', 'art 516']"
212,9,19,"['art 4', 'art 85']"
213,0,12,"['art 487', 'art 932']"
214,19,0,['art 300']
215,14,0,['art 101']
216,19,8,"['art 5', 'art 37', 'art 85', 'art 98']"
217,0,13,"['art 1', 'art 1']"
218,3,18,['art 1']
219,6,7,['art 319']
220,8,7,"['art 581', 'art 581']"
221,15,19,['art 1']
222,10,17,['art 109']
223,16,19,['art 20']
224,9,19,['art 7']
225,13,6,"['art 37', 'art 39']"
226,14,0,"['art 259', 'art 17', 'art 18', 'art 20']"
227,14,1,['art 1']
228,1,10,"['art 58', 'art 56']"
229,19,1,"['art 468', 'art 503', 'art 1', 'art 19', 'art 85']"
230,1,8,['art 16']
231,16,9,['art 39']
232,15,11,"['art 171', 'art 14', 'art 304']"
233,9,5,['art 8']
234,16,6,['art 39']
235,9,19,['art 4']
236,0,12,['art 1']
237,5,13,['art 98']
238,14,4,['art 182']
239,5,5,['art 1']
240,0,10,['art 183']
241,0,12,"['art 1', 'art 10', 'art 10']"
242,16,17,"['art 496', 'art 14', 'art 20', 'art 20', 'art 20']"
243,6,19,['art 121']
244,3,18,['art 98']
245,18,17,['art 373']
246,16,14,['art 319']
247,18,17,['art 22']
248,3,12,['art 39']
249,6,0,"['art 2', 'art 2', 'art 22', 'art 2']"
250,10,11,['art 157']
251,13,19,['art 491']
252,10,17,['art 330']
253,7,16,"['art 37', 'art 877']"
254,10,11,"['art 59', 'art 59']"
255,3,18,['art 2']
256,16,14,['art 659']
257,6,19,"['art 121', 'art 14', 'art 15']"
258,7,4,['art 6']
259,17,6,"['art 330', 'art 330']"
260,17,17,['art 319']
261,13,19,"['art 2', 'art 487', 'art 1', 'art 198', 'art 37', 'art 10']"
262,9,19,"['art 4', 'art 85']"
263,1,8,"['art 90', 'art 485']"
264,14,0,"['art 330', 'art 486', 'art 330']"
265,7,9,['art 99']
266,1,8,"['art 267', 'art 177']"
267,16,14,['art 659']
268,1,19,"['art 942', 'art 85', 'art 98']"
269,15,12,['art 659']
270,9,1,"['art 219', 'art 174', 'art 146', 'art 10']"
271,7,9,"['art 85', 'art 98']"
272,5,8,"['art 6', 'art 435']"
273,19,5,"['art 7', 'art 73', 'art 397']"
274,3,0,['art 28']
275,13,19,['art 475']
276,16,6,['art 39']
277,18,2,"['art 155', 'art 386']"
278,5,13,"['art 174', 'art 85']"
279,6,7,"['art 330', 'art 319']"
280,17,12,"['art 121', 'art 14']"
281,13,11,['art 659']
282,19,5,"['art 85', 'art 98']"
283,16,14,['art 319']
284,0,12,"['art 1', 'art 1']"
285,15,11,['art 659']
286,13,10,"['art 155', 'art 14', 'art 659']"
287,16,1,"['art 40', 'art 40']"
288,0,7,"['art 115', 'art 214', 'art 109', 'art 61']"
289,8,13,['art 413']
290,11,4,"['art 109', 'art 386', 'art 303']"
291,12,1,['art 59']
292,19,2,['art 138']
293,10,0,"['art 2', 'art 1', 'art 1', 'art 7']"
294,16,9,['art 39']
295,19,11,"['art 33', 'art 217']"
296,9,3,"['art 485', 'art 10']"
297,13,3,['art 1']
298,13,6,['art 99']
299,5,3,"['art 121', 'art 14']"
300,5,13,['art 98']
301,10,12,['art 14']
302,1,8,"['art 85', 'art 85', 'art 85', 'art 942']"
303,16,4,['art 10']
304,19,1,['art 85']
305,12,15,"['art 5', 'art 3']"
306,0,7,['art 59']
307,0,12,['art 1']
308,13,11,['art 659']
309,16,5,['art 507']
310,13,19,"['art 996', 'art 1']"
311,10,12,"['art 157', 'art 147']"
312,6,17,['art 134']
313,10,8,['art 1']
314,6,16,['art 485']
315,13,10,['art 659']
316,13,19,['art 4']
317,7,4,"['art 2', 'art 98']"
318,2,17,"['art 927', 'art 1']"
319,3,11,"['art 4', 'art 134', 'art 85']"
320,11,4,"['art 231', 'art 4', 'art 231', 'art 4']"
321,5,5,['art 1']
322,18,11,['art 121']
323,16,19,['art 20']
324,1,8,['art 72']
325,9,6,['art 8']
326,7,6,['art 37']
327,16,19,"['art 496', 'art 496', 'art 373', 'art 37', 'art 7', 'art 19']"
328,5,11,['art 39']
329,9,3,['art 1']
330,10,11,['art 659']
331,15,11,['art 319']
332,19,8,"['art 11', 'art 37', 'art 4', 'art 11', 'art 12', 'art 12']"
333,2,0,['art 33']
334,7,11,['art 2']
335,0,10,['art 1']
336,13,19,['art 44']
337,0,14,"['art 1', 'art 1']"
338,0,12,['art 1']
339,16,14,['art 659']
340,10,8,"['art 19', 'art 496']"
341,12,6,"['art 37', 'art 14']"
342,0,13,"['art 1', 'art 1']"
343,18,8,['art 507']
344,1,8,"['art 485', 'art 90', 'art 85', 'art 98']"
345,10,0,['art 537']
346,8,9,['art 98']
347,17,17,['art 487']
348,9,19,"['art 4', 'art 85']"
349,16,14,['art 318']
350,8,15,['art 330']
351,16,6,['art 300']
352,17,0,"['art 3', 'art 322', 'art 85', 'art 98']"
353,0,2,"['art 386', 'art 304']"
354,15,7,['art 6']
355,5,8,['art 1']
356,5,3,"['art 121', 'art 33']"
357,19,0,['art 64']
358,15,11,"['art 121', 'art 288', 'art 29']"
359,0,12,"['art 1', 'art 1']"
360,17,6,"['art 330', 'art 330']"
361,0,12,['art 1']
362,8,7,['art 244']
363,3,19,"['art 10', 'art 10', 'art 1', 'art 1']"
364,4,11,['art 39']
365,14,0,['art 18']
366,19,19,"['art 57', 'art 37', 'art 4']"
367,1,19,"['art 927', 'art 1']"
368,1,3,['art 593']
369,1,13,['art 1']
370,7,11,['art 202']
371,1,3,['art 182']
372,9,19,"['art 4', 'art 85']"
373,8,19,"['art 4', 'art 85']"
374,8,19,['art 4']
375,3,0,['art 479']
376,14,14,['art 659']
377,7,9,['art 4']
378,3,0,"['art 93', 'art 93']"
379,3,0,"['art 42', 'art 33']"
380,7,0,['art 3']
381,7,4,"['art 1', 'art 942']"
382,13,6,"['art 398', 'art 1']"
383,3,0,"['art 33', 'art 100', 'art 215']"
384,7,19,"['art 8', 'art 5']"
385,10,11,['art 252']
386,4,9,"['art 267', 'art 27', 'art 38']"
387,16,7,"['art 39', 'art 6', 'art 537']"
388,8,19,['art 85']
389,9,19,"['art 4', 'art 85']"
390,19,18,"['art 17', 'art 5', 'art 17']"
391,3,0,"['art 121', 'art 288']"
392,14,0,['art 355']
393,4,4,['art 157']
394,5,5,['art 1']
395,3,19,"['art 37', 'art 43']"
396,0,13,"['art 1', 'art 1']"
397,3,2,['art 302']
398,14,0,"['art 47', 'art 47', 'art 46', 'art 33']"
399,0,12,['art 1022']
400,3,11,"['art 4', 'art 134', 'art 85']"
401,18,8,['art 537']
402,3,0,"['art 33', 'art 33', 'art 33']"
403,19,8,['art 37']
404,10,12,['art 157']
405,18,17,"['art 2', 'art 55', 'art 55']"
406,5,13,"['art 85', 'art 85', 'art 82']"
407,15,0,"['art 9', 'art 63']"
408,14,0,['art 85']
409,0,7,"['art 129', 'art 147', 'art 7', 'art 59']"
410,16,14,"['art 33', 'art 12']"
411,18,8,['art 507']
412,0,13,"['art 1', 'art 1']"
413,19,19,"['art 7', 'art 5', 'art 2']"
414,17,17,['art 319']
415,15,19,['art 725']
416,3,16,"['art 619', 'art 619']"
417,19,18,"['art 20', 'art 4', 'art 496']"
418,3,6,['art 3']
419,12,16,['art 373']
420,17,12,['art 213']
421,3,0,['art 33']
422,8,13,"['art 121', 'art 29']"
423,16,17,['art 85']
424,0,12,['art 1']
425,7,17,"['art 8', 'art 85']"
426,15,12,['art 319']
427,14,19,['art 4']
428,9,19,"['art 4', 'art 85']"
429,3,0,"['art 59', 'art 33', 'art 33']"
430,19,9,"['art 9', 'art 26', 'art 12']"
431,16,4,['art 1']
432,2,18,['art 85']
433,12,1,"['art 25', 'art 85']"
434,3,18,['art 85']
435,11,5,['art 4']
436,3,14,"['art 487', 'art 932']"
437,11,4,['art 231']
438,10,2,['art 212']
439,7,4,"['art 9', 'art 942']"
440,15,4,"['art 919', 'art 93']"
441,0,12,['art 1']
442,0,7,['art 155']
443,17,1,"['art 218', 'art 3']"
444,19,2,"['art 109', 'art 107']"
445,1,3,"['art 121', 'art 302', 'art 121', 'art 302']"
446,0,0,['art 157']
447,16,14,['art 37']
448,8,15,"['art 47', 'art 76', 'art 126']"
449,19,18,"['art 19', 'art 23']"
450,3,0,"['art 33', 'art 33']"
451,3,0,"['art 180', 'art 180', 'art 180']"
452,16,14,['art 597']
453,0,12,"['art 1', 'art 1']"
454,9,19,['art 4']
455,9,19,['art 5']
456,16,14,['art 14']
457,4,0,['art 44']
458,16,14,"['art 180', 'art 288', 'art 14']"
459,1,8,['art 16']
460,0,16,['art 1']
461,15,15,['art 312']
462,13,19,"['art 4', 'art 134']"
463,7,4,['art 267']
464,8,15,"['art 562', 'art 558']"
465,3,0,['art 44']
466,6,7,"['art 1', 'art 1']"
467,12,16,['art 37']
468,13,19,['art 496']
469,13,19,"['art 927', 'art 85']"
470,15,15,['art 319']
471,13,10,['art 659']
472,0,10,"['art 489', 'art 330']"
473,6,15,['art 40']
474,6,15,['art 39']
475,14,0,"['art 6', 'art 39']"
476,14,5,"['art 22', 'art 3', 'art 3']"
477,15,11,"['art 171', 'art 312']"
478,17,19,['art 1']
479,16,1,['art 40']
480,16,14,"['art 157', 'art 244', 'art 288']"
481,15,13,['art 318']
482,8,13,"['art 580', 'art 59', 'art 580']"
483,0,7,['art 129']
484,13,6,['art 150']
485,13,19,['art 85']
486,13,17,"['art 206', 'art 1', 'art 85']"
487,13,6,"['art 1', 'art 150']"
488,1,8,['art 639']
489,16,14,['art 157']
490,15,4,"['art 458', 'art 458', 'art 219', 'art 174', 'art 146']"
491,7,0,['art 485']
492,15,19,"['art 183', 'art 13']"
493,0,12,"['art 1', 'art 1']"
494,14,1,['art 14']
495,1,8,['art 5']
496,19,5,['art 98']
497,19,5,"['art 37', 'art 475']"
498,6,18,['art 267']
499,0,16,['art 1']
500,13,19,['art 4']
501,6,7,['art 85']
502,4,17,['art 593']
503,6,18,"['art 797', 'art 831']"
504,18,14,"['art 121', 'art 121']"
505,0,7,"['art 621', 'art 121']"
506,1,8,['art 487']
507,19,5,"['art 373', 'art 397']"
508,14,0,['art 86']
509,16,14,"['art 157', 'art 659']"
510,18,0,"['art 178', 'art 82', 'art 279', 'art 10']"
511,2,17,"['art 927', 'art 1']"
512,5,18,['art 39']
513,16,7,"['art 39', 'art 6', 'art 537']"
514,9,19,['art 4']
515,19,11,"['art 148', 'art 129', 'art 121', 'art 14']"
516,16,17,"['art 104', 'art 247']"
517,15,4,['art 1']
518,10,12,['art 157']
519,15,11,"['art 282', 'art 319', 'art 282', 'art 319']"
520,16,14,"['art 313', 'art 312']"
521,7,0,['art 82']
522,16,14,"['art 5', 'art 5']"
523,8,13,['art 65']
524,11,4,['art 37']
525,16,14,"['art 313', 'art 312']"
526,0,7,"['art 317', 'art 351', 'art 333', 'art 59']"
527,0,13,"['art 1', 'art 1']"
528,14,0,"['art 940', 'art 940', 'art 940', 'art 85']"
529,3,19,"['art 121', 'art 155']"
530,3,0,['art 319']
531,15,0,['art 1']
532,13,19,"['art 4', 'art 134', 'art 85']"
533,0,7,"['art 171', 'art 65', 'art 65']"
534,15,11,['art 659']
535,16,14,['art 319']
536,11,4,['art 330']
537,7,9,['art 85']
538,16,11,['art 1']
539,3,0,"['art 40', 'art 40', 'art 33']"
540,15,2,['art 8']
541,8,15,['art 1']
542,9,1,['art 1']
543,1,3,['art 59']
544,14,6,"['art 932', 'art 85']"
545,16,14,['art 659']
546,0,7,['art 121']
547,13,10,"['art 121', 'art 213', 'art 14']"
548,9,5,['art 485']
549,13,19,['art 44']
550,13,6,"['art 98', 'art 85']"
551,0,0,"['art 310', 'art 310']"
552,19,18,"['art 17', 'art 17']"
553,5,8,['art 85']
554,10,11,['art 659']
555,0,7,"['art 65', 'art 109', 'art 110', 'art 115']"
556,7,0,"['art 267', 'art 485']"
557,16,14,['art 659']
558,16,9,['art 39']
559,13,19,['art 85']
560,16,14,"['art 121', 'art 14', 'art 29']"
561,19,19,"['art 51', 'art 109']"
562,1,8,"['art 14', 'art 59']"
563,11,4,['art 1']
564,13,6,['art 4']
565,10,12,['art 59']
566,14,6,"['art 37', 'art 19']"
567,13,19,['art 85']
568,15,5,"['art 165', 'art 346']"
569,19,3,"['art 593', 'art 59']"
570,0,7,['art 14']
571,3,19,"['art 85', 'art 2', 'art 85']"
572,0,13,['art 1']
573,17,19,"['art 8', 'art 9']"
574,3,6,['art 109']
575,18,17,['art 85']
576,9,19,['art 300']
577,0,19,['art 85']
578,15,4,"['art 5', 'art 5']"
579,0,4,['art 80']
580,0,3,"['art 93', 'art 282', 'art 23', 'art 2']"
581,17,18,['art 20']
582,5,5,"['art 1', 'art 1']"
583,8,9,['art 485']
584,13,19,['art 4']
585,6,15,['art 919']
586,0,13,['art 1']
587,1,8,"['art 1', 'art 1', 'art 23', 'art 4']"
588,13,19,['art 44']
589,14,6,['art 86']
590,3,16,"['art 619', 'art 619']"
591,3,0,['art 33']
592,16,14,['art 318']
593,2,17,"['art 942', 'art 85', 'art 98']"
594,17,17,['art 98']
595,14,5,['art 333']
596,1,10,['art 85']
597,10,0,['art 537']
598,13,4,['art 155']
599,6,18,['art 109']
600,16,14,['art 5']
601,6,0,['art 231']
602,16,14,"['art 121', 'art 121', 'art 14']"
603,13,10,"['art 155', 'art 313']"
604,18,7,['art 37']
605,19,0,['art 5']
606,16,9,['art 39']
607,10,8,['art 300']
608,8,13,['art 844']
609,3,0,['art 319']
610,3,2,"['art 320', 'art 345', 'art 373', 'art 936']"
611,15,8,['art 300']
612,16,14,['art 319']
613,14,11,['art 659']
614,11,4,['art 302']
615,4,13,['art 85']
616,19,19,"['art 30', 'art 48', 'art 5']"
617,13,0,['art 494']
618,9,3,"['art 1', 'art 98']"
619,5,5,['art 1']
620,3,0,['art 33']
621,13,19,['art 54']
622,7,4,"['art 37', 'art 2', 'art 2']"
623,13,11,['art 659']
624,8,19,['art 4']
625,3,0,"['art 42', 'art 62', 'art 33', 'art 40', 'art 33', 'art 35', 'art 40', 'art 42', 'art 62', 'art 35', 'art 33', 'art 40']"
626,16,14,['art 318']
627,19,0,"['art 279', 'art 75']"
628,19,18,['art 17']
629,0,12,"['art 1', 'art 1']"
630,14,6,"['art 485', 'art 104']"
631,13,19,"['art 134', 'art 26']"
632,9,3,['art 537']
633,4,4,"['art 121', 'art 492']"
634,13,19,['art 85']
635,7,0,['art 485']
636,17,17,['art 20']
637,8,13,['art 414']
638,5,13,['art 98']
639,13,6,"['art 5', 'art 85']"
640,5,5,"['art 5', 'art 1']"
641,5,15,"['art 18', 'art 942', 'art 485', 'art 85', 'art 85']"
642,8,15,['art 561']
643,3,6,['art 1']
644,6,7,"['art 1', 'art 1']"
645,13,17,['art 942']
646,13,19,['art 54']
647,19,5,['art 373']
648,8,7,['art 109']
649,3,2,['art 59']
650,16,14,"['art 171', 'art 14', 'art 307']"
651,13,11,['art 659']
652,15,11,"['art 121', 'art 659']"
653,2,12,['art 1022']
654,16,1,"['art 6', 'art 6', 'art 40', 'art 267']"
655,3,0,['art 33']
656,16,9,['art 537']
657,3,0,"['art 33', 'art 40']"
658,11,7,['art 40']
659,13,19,"['art 944', 'art 85']"
660,6,7,"['art 321', 'art 485', 'art 485']"
661,4,0,['art 659']
662,13,6,['art 98']
663,0,10,"['art 295', 'art 284', 'art 267']"
664,3,0,"['art 400', 'art 59']"
665,4,0,"['art 59', 'art 42', 'art 59', 'art 42', 'art 33']"
666,5,5,['art 1']
667,16,14,['art 318']
668,7,4,"['art 23', 'art 7']"
669,7,4,['art 4']
670,18,19,"['art 5', 'art 5']"
671,15,15,['art 319']
672,12,1,"['art 15', 'art 336']"
673,6,7,['art 330']
674,18,19,['art 37']
675,7,11,"['art 10', 'art 487']"
676,13,19,"['art 35', 'art 537']"
677,10,0,['art 537']
678,7,0,['art 267']
679,13,19,['art 496']
680,9,19,['art 4']
681,10,12,['art 157']
682,13,0,"['art 18', 'art 18']"
683,19,8,['art 207']
684,10,0,['art 537']
685,18,5,"['art 322', 'art 397', 'art 85']"
686,7,0,"['art 485', 'art 267']"
687,0,7,['art 304']
688,0,12,['art 27']
689,17,12,['art 121']
690,17,6,['art 85']
691,16,19,"['art 109', 'art 45']"
692,4,0,['art 40']
693,14,6,"['art 1', 'art 1']"
694,0,1,"['art 33', 'art 33']"
695,13,11,['art 311']
696,4,12,['art 85']
697,3,0,"['art 33', 'art 42', 'art 59', 'art 42']"
698,11,4,"['art 2', 'art 22']"
699,18,2,['art 593']
700,8,15,['art 85']
701,11,4,['art 313']
702,15,9,"['art 1', 'art 1']"
703,13,10,"['art 121', 'art 14']"
704,19,18,['art 20']
705,19,18,"['art 308', 'art 17']"
706,16,4,['art 257']
707,3,8,['art 213']
708,9,19,"['art 7', 'art 543', 'art 7']"
709,7,16,['art 1']
710,0,2,"['art 561', 'art 927']"
711,14,2,"['art 174', 'art 174']"
712,18,17,['art 165']
713,7,9,['art 1']
714,18,1,['art 183']
715,19,18,['art 373']
716,16,14,['art 659']
717,1,8,['art 7']
718,3,0,"['art 33', 'art 33']"
719,12,15,['art 1013']
720,8,15,['art 487']
721,15,15,['art 659']
722,13,10,['art 659']
723,7,4,['art 1']
724,10,11,['art 33']
725,0,12,['art 397']
726,18,5,"['art 1', 'art 1', 'art 1']"
727,10,11,['art 157']
728,13,3,['art 40']
729,12,6,['art 3']
730,0,12,"['art 619', 'art 619']"
731,10,8,['art 373']
732,19,5,"['art 373', 'art 98']"
733,14,0,"['art 85', 'art 86']"
734,18,14,"['art 168', 'art 1', 'art 41']"
735,7,17,['art 267']
736,13,17,"['art 91', 'art 387']"
737,3,16,"['art 1', 'art 1']"
738,18,17,['art 300']
739,4,11,['art 39']
740,8,9,['art 1']
741,1,12,['art 1022']
742,3,0,"['art 16', 'art 5']"
743,12,6,['art 206']
744,13,19,['art 492']
745,13,19,['art 4']
746,13,3,['art 14']
747,15,11,"['art 121', 'art 14', 'art 659']"
748,19,18,"['art 108', 'art 109', 'art 110', 'art 1', 'art 201', 'art 85']"
749,0,12,"['art 1', 'art 1']"
750,0,7,['art 129']
751,1,8,['art 157']
752,12,6,"['art 3', 'art 20', 'art 21']"
753,9,19,['art 4']
754,14,0,"['art 23', 'art 23']"
755,11,4,['art 330']
756,15,6,"['art 406', 'art 161']"
757,19,3,"['art 121', 'art 121', 'art 14']"
758,0,12,"['art 1', 'art 1']"
759,15,11,"['art 121', 'art 14', 'art 29']"
760,15,6,"['art 1', 'art 98']"
761,1,8,['art 1']
762,3,0,"['art 33', 'art 59', 'art 33', 'art 33', 'art 33']"
763,16,14,"['art 313', 'art 312']"
764,13,3,['art 18']
765,1,8,['art 1']
766,1,1,"['art 33', 'art 33']"
767,12,16,['art 943']
768,19,18,"['art 7', 'art 23', 'art 7', 'art 16', 'art 23']"
769,10,2,"['art 147', 'art 5']"
770,0,13,['art 1']
771,14,0,"['art 1', 'art 1', 'art 1']"
772,2,13,"['art 489', 'art 1']"
773,5,11,['art 85']
774,0,13,['art 1']
775,0,19,"['art 373', 'art 373', 'art 1', 'art 1', 'art 1']"
776,6,18,"['art 1', 'art 1']"
777,3,6,"['art 373', 'art 6', 'art 14']"
778,13,19,"['art 1', 'art 4', 'art 134', 'art 85']"
779,12,16,['art 110']
780,1,12,['art 1022']
781,6,0,['art 231']
782,10,12,['art 33']
783,8,0,"['art 485', 'art 485']"
784,17,17,['art 6']
785,6,0,['art 3']
786,19,19,['art 1']
787,12,8,['art 19']
788,13,19,"['art 397', 'art 85']"
789,10,12,['art 157']
790,5,5,['art 1']
791,4,19,['art 373']
792,19,5,"['art 7', 'art 73', 'art 397']"
793,16,14,['art 597']
794,3,14,"['art 487', 'art 932']"
795,13,6,['art 20']
796,19,2,['art 361']
797,1,8,['art 219']
798,13,17,"['art 85', 'art 85', 'art 386', 'art 85', 'art 85', 'art 85', 'art 85', 'art 85', 'art 85']"
799,16,14,"['art 33', 'art 659']"
800,5,3,['art 593']
801,3,0,"['art 33', 'art 33']"
802,13,6,"['art 535', 'art 3', 'art 1', 'art 1']"
803,0,19,"['art 489', 'art 1']"
804,0,9,['art 37']
805,13,19,['art 85']
806,9,19,['art 20']
807,10,8,['art 1']
808,7,0,['art 485']
809,19,18,"['art 2', 'art 7']"
810,0,10,['art 72']
811,14,0,['art 51']
812,16,14,['art 319']
813,14,0,['art 10']
814,19,9,['art 537']
815,16,14,['art 157']
816,14,2,['art 397']
817,0,5,"['art 373', 'art 98']"
818,13,10,['art 659']
819,15,15,['art 157']
820,9,19,['art 4']
821,7,11,['art 2']
822,10,12,['art 157']
823,0,13,"['art 1', 'art 1']"
824,5,5,['art 1']
825,13,4,['art 26']
826,15,8,['art 300']
827,19,17,['art 37']
828,16,14,['art 319']
829,13,19,['art 85']
830,6,18,['art 109']
831,1,19,"['art 927', 'art 1', 'art 85', 'art 85', 'art 5', 'art 85']"
832,0,13,['art 1']
833,19,9,['art 537']
834,0,3,['art 59']
835,12,15,['art 2']
836,13,17,['art 55']
837,14,0,['art 267']
838,0,19,"['art 42', 'art 42']"
839,0,13,"['art 1', 'art 1']"
840,16,17,"['art 485', 'art 98']"
841,6,19,['art 306']
842,19,19,['art 7']
843,19,2,"['art 10', 'art 267', 'art 18']"
844,1,19,['art 85']
845,14,1,['art 778']
846,16,14,['art 157']
847,1,5,"['art 373', 'art 85']"
848,16,19,['art 20']
849,16,14,['art 319']
850,7,0,"['art 4', 'art 190']"
851,15,14,['art 157']
852,16,14,['art 319']
853,9,3,"['art 1', 'art 39']"
854,12,1,"['art 1', 'art 23']"
855,13,10,"['art 121', 'art 14']"
856,16,7,"['art 39', 'art 6', 'art 537']"
857,7,9,['art 99']
858,9,5,['art 85']
859,18,19,['art 1']
860,3,0,"['art 40', 'art 40']"
861,12,6,['art 798']
862,11,7,['art 496']
863,10,11,['art 59']
864,9,1,"['art 206', 'art 206', 'art 70']"
865,19,0,['art 487']
866,10,12,"['art 69', 'art 71', 'art 71', 'art 70', 'art 69']"
867,0,0,"['art 33', 'art 33']"
868,3,6,"['art 267', 'art 485', 'art 267', 'art 485']"
869,0,13,"['art 1', 'art 1']"
870,19,19,['art 373']
871,19,2,"['art 9', 'art 16']"
872,14,2,['art 85']
873,8,0,"['art 85', 'art 98']"
874,0,12,"['art 619', 'art 619']"
875,19,0,['art 435']
876,3,0,"['art 33', 'art 40', 'art 33', 'art 28', 'art 30', 'art 117', 'art 35', 'art 33', 'art 40', 'art 28', 'art 33']"
877,8,15,"['art 12', 'art 659']"
878,3,19,['art 1']
879,13,17,"['art 757', 'art 422']"
880,3,16,"['art 619', 'art 619']"
881,6,7,"['art 373', 'art 98']"
882,13,19,['art 12']
883,13,10,['art 121']
884,13,19,['art 85']
885,19,18,['art 7']
886,5,5,['art 1']
887,13,0,['art 6']
888,6,18,"['art 33', 'art 85']"
889,3,16,['art 1']
890,0,12,"['art 1', 'art 1']"
891,14,0,['art 86']
892,12,16,"['art 134', 'art 4']"
893,5,3,"['art 121', 'art 14']"
894,10,12,['art 580']
895,13,6,['art 20']
896,17,12,['art 659']
897,0,4,['art 59']
898,18,0,['art 26']
899,16,14,['art 485']
900,19,17,['art 37']
901,4,0,"['art 33', 'art 33']"
902,0,12,"['art 487', 'art 932']"
903,16,9,['art 537']
904,9,5,['art 20']
905,5,5,['art 1']
906,10,12,['art 580']
907,16,19,['art 20']
908,0,10,['art 20']
909,19,5,"['art 18', 'art 485', 'art 1', 'art 942']"
910,12,16,"['art 100', 'art 11', 'art 187', 'art 1']"
911,11,16,['art 942']
912,4,0,"['art 33', 'art 33']"
913,11,4,"['art 18', 'art 18']"
914,5,5,['art 1']
915,16,14,['art 5']
916,18,7,['art 85']
917,4,0,"['art 12', 'art 250', 'art 5']"
918,7,11,"['art 1', 'art 334']"
919,12,1,['art 333']
920,3,2,['art 593']
921,5,8,['art 85']
922,14,0,"['art 85', 'art 85', 'art 85', 'art 85', 'art 85', 'art 85']"
923,3,0,['art 44']
924,17,2,"['art 1', 'art 487']"
925,19,18,"['art 100', 'art 17', 'art 36', 'art 85']"
926,6,11,['art 24']
927,7,9,['art 373']
928,15,11,['art 319']
929,13,19,['art 85']
930,1,12,['art 1022']
931,10,2,['art 185']
932,7,0,['art 485']
933,12,6,['art 1']
934,18,14,['art 319']
935,0,10,['art 942']
936,0,10,"['art 86', 'art 85']"
937,19,18,['art 7']
938,19,8,['art 319']
939,6,18,['art 85']
940,8,13,['art 319']
941,5,13,"['art 337', 'art 485']"
942,14,0,['art 47']
943,3,0,"['art 33', 'art 35', 'art 42', 'art 35', 'art 42']"
944,13,19,"['art 85', 'art 85']"
945,3,0,"['art 42', 'art 33', 'art 33', 'art 35', 'art 42', 'art 59', 'art 33']"
946,3,0,['art 319']
947,16,7,"['art 39', 'art 6', 'art 537']"
948,4,0,"['art 33', 'art 659']"
949,3,6,"['art 86', 'art 496']"
950,19,5,"['art 485', 'art 373', 'art 73', 'art 73']"
951,11,5,"['art 131', 'art 373']"
952,1,8,['art 37']
953,14,2,['art 3']
954,0,2,"['art 157', 'art 157', 'art 226']"
955,13,19,"['art 30', 'art 85']"
956,9,19,"['art 485', 'art 485']"
957,16,14,['art 659']
958,10,8,"['art 13', 'art 2']"
959,11,4,['art 231']
960,15,19,['art 233']
961,8,13,['art 282']
962,17,12,['art 5']
963,16,19,['art 9']
964,14,0,['art 14']
965,19,8,['art 537']
966,10,12,"['art 157', 'art 244']"
967,13,17,['art 85']
968,14,1,['art 343']
969,16,6,"['art 85', 'art 85']"
970,1,19,['art 85']
971,15,11,['art 659']
972,13,11,['art 96']
973,14,6,"['art 60', 'art 61', 'art 5', 'art 60', 'art 57', 'art 61', 'art 56', 'art 23']"
974,14,5,"['art 406', 'art 161', 'art 52']"
975,5,5,['art 1']
976,14,0,['art 655']
977,3,6,['art 1']
978,13,6,['art 6']
979,8,15,['art 206']
980,13,6,['art 373']
981,10,0,['art 537']
982,13,17,"['art 1', 'art 418']"
983,16,14,"['art 333', 'art 942']"
984,3,0,['art 59']
985,3,0,"['art 33', 'art 15', 'art 33', 'art 33', 'art 33']"
986,6,7,['art 20']
987,16,7,"['art 39', 'art 6', 'art 537']"
988,6,7,['art 333']
989,16,1,['art 842']
990,14,5,"['art 7', 'art 39', 'art 37']"
991,7,4,['art 486']
992,5,5,['art 1']
993,1,3,['art 226']
994,0,4,['art 942']
995,3,19,"['art 1', 'art 10', 'art 2']"
996,6,12,"['art 485', 'art 10']"
997,7,0,['art 267']
998,9,5,"['art 85', 'art 85', 'art 98']"
999,16,14,['art 121']
1000,1,8,['art 20']
1001,3,0,['art 2']
1002,11,4,['art 330']
1003,19,10,['art 41']
1004,13,11,['art 659']
1005,6,7,['art 267']
1006,10,12,['art 157']
1007,6,19,['art 109']
1008,19,11,['art 14']
1009,3,0,['art 33']
1010,19,18,['art 20']
1011,12,16,"['art 1', 'art 487']"
1012,16,14,['art 319']
1013,1,5,['art 373']
1014,6,15,"['art 73', 'art 39']"
1015,7,16,['art 85']
1016,10,17,['art 85']
1017,0,0,['art 33']
1018,10,2,"['art 209', 'art 209', 'art 563']"
1019,16,14,['art 659']
1020,14,0,['art 85']
1021,5,2,"['art 121', 'art 121', 'art 14', 'art 288', 'art 29', 'art 659']"
1022,15,9,['art 85']
1023,19,6,['art 1']
1024,7,0,['art 256']
1025,7,11,"['art 2', 'art 204', 'art 85']"
1026,4,4,['art 59']
1027,3,16,"['art 489', 'art 1', 'art 1', 'art 1']"
1028,8,15,"['art 554', 'art 485']"
1029,13,0,['art 85']
1030,9,19,"['art 949', 'art 2', 'art 40']"
1031,15,15,"['art 157', 'art 16']"
1032,9,3,"['art 267', 'art 20']"
1033,3,0,"['art 619', 'art 40']"
1034,7,9,['art 4']
1035,6,18,['art 109']
1036,15,14,['art 312']
1037,3,2,['art 1026']
1038,16,14,"['art 121', 'art 14']"
1039,1,18,"['art 85', 'art 98']"
1040,3,0,"['art 33', 'art 33']"
1041,1,8,['art 171']
1042,14,5,['art 942']
1043,0,12,"['art 1', 'art 1', 'art 1']"
1044,7,4,['art 37']
1045,13,19,['art 4']
1046,16,14,['art 33']
1047,19,1,['art 1']
1048,8,15,['art 330']
1049,3,2,['art 59']
1050,14,0,['art 290']
1051,19,19,"['art 35', 'art 5']"
1052,8,13,['art 300']
1053,16,14,['art 318']
1054,13,19,['art 373']
1055,9,19,['art 4']
1056,3,0,['art 109']
1057,1,3,"['art 157', 'art 155']"
1058,18,14,['art 59']
1059,3,0,"['art 42', 'art 42']"
1060,19,5,"['art 7', 'art 39', 'art 373', 'art 333', 'art 397']"
1061,15,19,['art 5']
1062,10,12,"['art 157', 'art 157', 'art 157']"
1063,18,11,['art 121']
1064,7,4,"['art 23', 'art 10']"
1065,16,7,"['art 39', 'art 6']"
1066,16,1,['art 833']
1067,13,19,['art 691']
1068,7,0,['art 485']
1069,16,19,"['art 13', 'art 15']"
1070,10,12,"['art 157', 'art 70', 'art 180', 'art 70']"
1071,15,12,['art 319']
1072,2,0,"['art 33', 'art 33']"
1073,19,6,['art 1']
1074,7,9,['art 537']
1075,3,10,['art 485']
1076,4,8,"['art 3', 'art 405']"
1077,0,12,['art 1022']
1078,13,19,['art 537']
1079,19,3,"['art 580', 'art 593', 'art 580']"
1080,19,19,['art 299']
1081,7,11,"['art 2', 'art 8']"
1082,0,12,"['art 487', 'art 932']"
1083,0,13,"['art 1', 'art 1']"
1084,6,19,['art 413']
1085,0,13,"['art 1', 'art 1']"
1086,17,1,['art 277']
1087,6,19,"['art 157', 'art 49', 'art 49']"
1088,10,12,['art 33']
1089,6,0,['art 485']
1090,1,8,['art 659']
1091,10,12,['art 157']
1092,16,14,['art 33']
1093,11,4,['art 496']
1094,3,0,"['art 33', 'art 33', 'art 40']"
1095,13,3,['art 690']
1096,14,0,"['art 51', 'art 7', 'art 51']"
1097,3,2,"['art 100', 'art 196', 'art 1', 'art 5']"
1098,17,17,"['art 1', 'art 1']"
1099,16,14,"['art 1', 'art 288']"
1100,12,0,['art 300']
1101,0,19,['art 98']
1102,18,5,"['art 1', 'art 2', 'art 2', 'art 37', 'art 20', 'art 169', 'art 2', 'art 1', 'art 330']"
1103,16,19,['art 20']
1104,19,18,['art 2']
1105,16,14,"['art 312', 'art 312']"
1106,7,4,"['art 109', 'art 5', 'art 949']"
1107,19,8,['art 398']
1108,14,6,['art 373']
1109,8,15,['art 330']
1110,9,3,"['art 7', 'art 39', 'art 927', 'art 500']"
1111,12,6,"['art 172', 'art 129']"
1112,15,1,"['art 40', 'art 40']"
1113,19,2,['art 485']
1114,19,19,"['art 7', 'art 85']"
1115,4,13,['art 37']
1116,6,19,"['art 598', 'art 598']"
1117,15,11,['art 312']
1118,13,19,['art 485']
1119,16,14,"['art 33', 'art 659']"
1120,0,7,"['art 457', 'art 457']"
1121,10,0,['art 537']
1122,2,0,['art 33']
1123,16,14,['art 157']
1124,15,9,['art 98']
1125,6,11,"['art 49', 'art 1']"
1126,16,1,"['art 22', 'art 23']"
1127,16,14,['art 659']
1128,19,2,['art 267']
1129,3,0,['art 601']
1130,19,18,['art 17']
1131,16,4,['art 386']
1132,12,1,['art 13']
1133,0,12,['art 1']
1134,13,19,['art 85']
1135,7,4,"['art 37', 'art 4', 'art 5']"
1136,16,17,"['art 496', 'art 85', 'art 5', 'art 84', 'art 86', 'art 85']"
1137,12,1,['art 6']
1138,13,19,['art 3']
1139,16,19,['art 30']
1140,0,12,['art 87']
1141,6,16,['art 40']
1142,9,1,['art 485']
1143,6,19,"['art 50', 'art 37', 'art 85']"
1144,10,11,['art 157']
1145,19,5,['art 373']
1146,13,6,"['art 485', 'art 98']"
1147,0,19,['art 98']
1148,1,3,"['art 121', 'art 14', 'art 121']"
1149,19,11,"['art 33', 'art 12']"
1150,16,14,['art 310']
1151,13,19,"['art 4', 'art 85']"
1152,3,0,['art 33']
1153,10,8,['art 373']
1154,6,19,"['art 121', 'art 121', 'art 14']"
1155,6,18,"['art 1', 'art 1']"
1156,3,0,"['art 33', 'art 33']"
1157,13,3,"['art 51', 'art 85', 'art 80']"
1158,5,14,['art 18']
1159,3,0,['art 14']
1160,13,4,"['art 437', 'art 249', 'art 249', 'art 249']"
1161,18,5,"['art 18', 'art 942', 'art 485']"
1162,15,11,['art 312']
1163,14,5,"['art 155', 'art 150', 'art 150', 'art 155']"
1164,0,12,['art 1']
1165,12,1,['art 321']
1166,13,1,['art 373']
1167,13,19,['art 6']
1168,16,14,['art 659']
1169,7,0,['art 485']
1170,18,17,['art 373']
1171,19,8,['art 85']
1172,14,6,"['art 406', 'art 161']"
1173,6,7,['art 319']
1174,6,0,['art 99']
1175,6,19,"['art 414', 'art 110', 'art 593']"
1176,16,19,"['art 6', 'art 485', 'art 6', 'art 485', 'art 80', 'art 81', 'art 1']"
1177,16,19,"['art 6', 'art 485']"
1178,8,7,['art 121']
1179,19,5,['art 98']
1180,0,5,"['art 373', 'art 98']"
1181,6,14,['art 319']
1182,16,14,['art 319']
1183,5,14,['art 20']
1184,10,8,['art 321']
1185,1,19,['art 98']
1186,6,18,"['art 1', 'art 1']"
1187,16,14,"['art 312', 'art 659']"
1188,8,0,['art 390']
1189,10,12,"['art 157', 'art 157', 'art 2']"
1190,14,0,['art 1']
1191,3,0,"['art 33', 'art 33', 'art 33', 'art 33']"
1192,7,4,['art 1']
1193,13,0,['art 85']
1194,1,19,['art 85']
1195,17,17,['art 85']
1196,12,6,"['art 130', 'art 80']"
1197,6,7,"['art 489', 'art 1']"
1198,13,19,['art 44']
1199,5,5,['art 1']
1200,5,5,['art 1']
1201,7,4,"['art 2', 'art 98']"
1202,5,5,"['art 398', 'art 1']"
1203,3,0,"['art 621', 'art 121']"
1204,0,12,['art 1']
1205,13,10,"['art 147', 'art 659']"
1206,9,3,['art 400']
1207,5,5,['art 85']
1208,19,18,['art 1']
1209,17,17,['art 373']
1210,13,3,['art 6']
1211,4,13,"['art 80', 'art 85', 'art 85']"
1212,4,13,['art 1']
1213,8,13,['art 387']
1214,8,13,"['art 2', 'art 2']"
1215,15,12,"['art 12', 'art 659']"
1216,1,3,"['art 121', 'art 121']"
1217,10,12,['art 157']
1218,16,14,['art 319']
1219,19,8,['art 536']
1220,3,0,"['art 44', 'art 804']"
1221,6,18,"['art 523', 'art 525', 'art 523']"
1222,14,0,['art 435']
1223,6,7,['art 932']
1224,9,19,"['art 536', 'art 537']"
1225,5,13,"['art 174', 'art 85']"
1226,0,7,"['art 110', 'art 109', 'art 110']"
1227,8,15,['art 10']
1228,9,19,['art 4']
1229,13,11,['art 659']
1230,16,14,['art 659']
1231,4,13,['art 942']
1232,9,3,"['art 478', 'art 478']"
1233,15,12,['art 659']
1234,1,2,"['art 483', 'art 593', 'art 593']"
1235,16,14,['art 319']
1236,0,7,['art 14']
1237,0,4,"['art 89', 'art 129', 'art 129', 'art 89']"
1238,3,16,['art 1']
1239,14,2,['art 536']
1240,12,6,['art 373']
1241,19,8,"['art 7', 'art 5', 'art 2']"
1242,0,4,['art 99']
1243,1,6,"['art 373', 'art 98']"
1244,18,14,"['art 146', 'art 61']"
1245,0,13,['art 1022']
1246,19,8,['art 37']
1247,4,0,"['art 33', 'art 40']"
1248,5,18,"['art 1', 'art 1', 'art 1']"
1249,14,2,['art 406']
1250,15,11,"['art 282', 'art 319', 'art 282', 'art 319', 'art 319', 'art 282', 'art 312', 'art 146', 'art 146']"
1251,13,19,['art 44']
1252,16,14,['art 33']
1253,9,19,['art 8']
1254,3,2,['art 59']
1255,18,2,"['art 489', 'art 489']"
1256,10,8,['art 42']
1257,6,18,"['art 85', 'art 85', 'art 1', 'art 1']"
1258,13,6,['art 299']
1259,19,7,['art 5']
1260,13,6,"['art 85', 'art 85']"
1261,0,12,"['art 1', 'art 1']"
1262,3,6,['art 14']
1263,3,16,"['art 2', 'art 21', 'art 30', 'art 489', 'art 2', 'art 22', 'art 1', 'art 1', 'art 1']"
1264,3,11,"['art 4', 'art 134']"
1265,3,11,"['art 4', 'art 134', 'art 85']"
1266,19,18,['art 100']
1267,16,9,['art 537']
1268,5,18,"['art 96', 'art 85']"
1269,9,19,"['art 4', 'art 85']"
1270,11,5,['art 231']
1271,8,15,['art 561']
1272,3,6,['art 1']
1273,13,19,['art 44']
1274,3,6,['art 109']
1275,19,8,['art 844']
1276,1,8,"['art 157', 'art 14']"
1277,7,11,"['art 267', 'art 267', 'art 485']"
1278,1,8,"['art 487', 'art 1', 'art 46']"
1279,0,19,['art 19']
1280,19,18,['art 37']
1281,0,12,['art 1']
1282,0,12,"['art 1', 'art 1']"
1283,19,2,['art 3']
1284,15,19,"['art 14', 'art 20']"
1285,16,14,['art 313']
1286,1,2,['art 483']
1287,13,6,['art 206']
1288,12,0,['art 373']
1289,18,14,['art 319']
1290,13,6,"['art 29', 'art 5', 'art 496']"
1291,19,8,['art 537']
1292,17,17,['art 37']
1293,16,7,"['art 39', 'art 6']"
1294,0,12,['art 1']
1295,16,14,['art 157']
1296,13,19,['art 85']
1297,6,0,"['art 14', 'art 16']"
1298,6,18,"['art 485', 'art 8', 'art 8', 'art 1', 'art 1']"
1299,17,17,"['art 85', 'art 98']"
1300,3,6,['art 24']
1301,15,19,['art 5']
1302,5,17,['art 435']
1303,12,16,['art 373']
1304,19,18,"['art 100', 'art 108', 'art 109', 'art 110', 'art 7', 'art 110', 'art 109', 'art 109', 'art 109']"
1305,16,14,['art 319']
1306,0,4,['art 50']
1307,13,0,['art 14']
1308,13,19,"['art 4', 'art 134', 'art 85']"
1309,10,11,['art 157']
1310,15,12,['art 312']
1311,5,11,['art 85']
1312,13,19,['art 85']
1313,3,0,"['art 157', 'art 157']"
1314,9,1,"['art 40', 'art 219', 'art 174', 'art 146', 'art 40']"
1315,4,0,"['art 14', 'art 124', 'art 91', 'art 14']"
1316,15,11,"['art 121', 'art 157', 'art 317']"
1317,15,15,['art 659']
1318,6,19,['art 593']
1319,19,18,"['art 7', 'art 23', 'art 7', 'art 16', 'art 23', 'art 20', 'art 373', 'art 373']"
1320,0,0,"['art 310', 'art 310']"
1321,3,0,['art 659']
1322,1,3,['art 121']
1323,16,14,"['art 157', 'art 659']"
1324,4,13,"['art 5', 'art 20', 'art 5', 'art 20']"
1325,16,14,['art 312']
1326,7,9,['art 99']
1327,15,11,"['art 282', 'art 319', 'art 319', 'art 282', 'art 319']"
1328,10,11,['art 157']
1329,10,7,['art 373']
1330,0,7,['art 59']
1331,13,11,"['art 155', 'art 288']"
1332,0,4,['art 373']
1333,11,7,['art 40']
1334,13,19,['art 461']
1335,13,10,['art 659']
1336,16,19,"['art 40', 'art 1', 'art 109', 'art 45', 'art 64']"
1337,7,19,['art 497']
1338,10,12,"['art 157', 'art 71', 'art 65', 'art 68', 'art 157', 'art 68', 'art 157', 'art 71']"
1339,13,11,['art 197']
1340,7,11,"['art 829', 'art 10']"
1341,5,5,"['art 1', 'art 1']"
1342,5,13,"['art 29', 'art 98']"
1343,9,19,['art 4']
1344,17,17,['art 927']
1345,7,11,['art 334']
1346,3,0,['art 319']
1347,7,9,"['art 85', 'art 98']"
1348,0,12,['art 1']
1349,0,2,"['art 561', 'art 1']"
1350,15,11,['art 319']
1351,5,11,['art 85']
1352,12,1,['art 19']
1353,15,11,['art 319']
1354,0,12,['art 1022']
1355,14,6,"['art 1', 'art 1']"
1356,0,16,"['art 1', 'art 1']"
1357,11,4,['art 14']
1358,1,5,"['art 37', 'art 21']"
1359,14,0,['art 329']
1360,16,14,['art 319']
1361,0,12,['art 1']
1362,16,14,"['art 33', 'art 659']"
1363,16,14,"['art 33', 'art 659']"
1364,0,11,"['art 1', 'art 1']"
1365,5,5,['art 1']
1366,6,18,['art 109']
1367,13,10,['art 659']
1368,10,8,['art 373']
1369,7,0,['art 3']
1370,0,2,"['art 59', 'art 14', 'art 109', 'art 107', 'art 59', 'art 16', 'art 288', 'art 386', 'art 16', 'art 33', 'art 33']"
1371,1,5,['art 373']
1372,15,12,['art 312']
1373,12,15,['art 333']
1374,16,14,"['art 157', 'art 244']"
1375,7,4,"['art 2', 'art 98']"
1376,5,13,['art 373']
1377,8,0,['art 321']
1378,0,9,"['art 542', 'art 85']"
1379,15,11,"['art 155', 'art 28', 'art 313']"
1380,3,0,['art 319']
1381,6,19,['art 59']
1382,19,18,"['art 14', 'art 98']"
1383,12,1,['art 5']
1384,6,18,['art 429']
1385,13,19,['art 458']
1386,0,4,['art 41']
1387,8,17,['art 85']
1388,13,19,['art 85']
1389,13,3,['art 487']
1390,9,19,['art 4']
1391,13,11,['art 659']
1392,3,14,['art 944']
1393,5,14,"['art 1', 'art 1', 'art 496']"
1394,3,12,['art 39']
1395,6,19,['art 621']
1396,7,4,['art 942']
1397,19,3,['art 593']
1398,7,4,['art 46']
1399,14,2,"['art 489', 'art 1']"
1400,3,0,"['art 33', 'art 580']"
1401,7,15,['art 677']
1402,0,7,['art 593']
1403,13,19,"['art 85', 'art 98']"
1404,8,15,['art 104']
1405,17,19,['art 9']
1406,10,12,"['art 121', 'art 109', 'art 115', 'art 111']"
1407,19,18,['art 7']
1408,13,19,['art 1']
1409,0,13,"['art 1', 'art 1']"
1410,14,2,"['art 2', 'art 3', 'art 22']"
1411,9,19,['art 4']
1412,6,19,"['art 302', 'art 41']"
1413,18,7,['art 2']
1414,19,19,"['art 14', 'art 14']"
1415,0,16,"['art 1', 'art 1', 'art 1']"
1416,1,8,['art 129']
1417,19,18,"['art 17', 'art 17', 'art 17']"
1418,9,19,"['art 45', 'art 64']"
1419,13,3,['art 85']
1420,13,19,['art 85']
1421,5,5,['art 932']
1422,15,11,['art 50']
1423,13,19,['art 1']
1424,1,12,"['art 1', 'art 1', 'art 1']"
1425,0,5,['art 373']
1426,16,7,"['art 39', 'art 6', 'art 537']"
1427,6,18,['art 1']
1428,5,11,['art 42']
1429,3,0,"['art 59', 'art 42', 'art 42', 'art 59']"
1430,15,15,['art 319']
1431,13,3,['art 915']
1432,10,17,"['art 100', 'art 53', 'art 101']"
1433,9,19,['art 300']
1434,0,12,"['art 1', 'art 1']"
1435,14,0,"['art 10', 'art 95']"
1436,0,7,['art 171']
1437,18,19,['art 26']
1438,19,2,"['art 978', 'art 281']"
1439,13,6,['art 942']
1440,9,6,"['art 25', 'art 25']"
1441,14,0,['art 42']
1442,3,6,['art 1']
1443,13,6,"['art 52', 'art 51']"
1444,19,19,"['art 487', 'art 1']"
1445,17,6,['art 39']
1446,5,15,"['art 4', 'art 23']"
1447,13,19,['art 499']
1448,14,0,"['art 6', 'art 39']"
1449,16,1,['art 487']
1450,1,6,"['art 373', 'art 98']"
1451,12,6,['art 942']
1452,4,13,['art 435']
1453,8,9,['art 1']
1454,5,11,"['art 103', 'art 485', 'art 1']"
1455,16,14,['art 33']
1456,19,5,"['art 364', 'art 32', 'art 62', 'art 36', 'art 1', 'art 86', 'art 98']"
1457,14,2,['art 485']
1458,10,12,['art 157']
1459,0,7,"['art 536', 'art 330']"
1460,16,14,['art 659']
1461,17,2,['art 489']
1462,4,0,['art 12']
1463,11,4,['art 373']
1464,19,5,['art 85']
1465,6,7,"['art 330', 'art 1', 'art 1']"
1466,13,19,"['art 4', 'art 85']"
1467,0,12,"['art 1', 'art 1']"
1468,8,15,['art 485']
1469,19,9,['art 537']
